- 0	civil civil guarr vox costumbr colet cub comun cuban costumbr cuidat cristian deport cub descans cuban ejercit cuidat engendr cup enseñ dep españ deport etarr descans flaut dias gat ejercit
- 1	belen feliz feliz belen mocion mocion cuban vox cuidat ejercit deport comun descans costumbr ejercit cristian engendr cub enseñ cuban españ cuidat etarr cup guarr dep cristian deport flaut descans
- 2	chavez feliz comun comun fidel fidel feliz chavez independent cup enseñ vox cub dias cuban colet cuidat costumbr deport cristian descans cub madrileñ cuban ejercit cuidat engendr dep españ deport
- 3	vox feas feas vox dias dias madrileñ ejercit españ colet cuban comun cuidat costumbr deport cristian descans cub ejercit cuban engendr cuidat enseñ cup etarr dep inmigr deport cristian descans
- 4	español español guarr gratis etarr ejercit cuban colet cuidat comun deport costumbr descans cristian ejercit cub engendr cuban enseñ cuidat españ cup flaut dep cristian deport gat descans gentuz dias
- 5	tradicion español español catalan catalan tradicion guarr feliz cub cuban cuban deport cuidat dep deport cup descans cuidat ejercit vox engendr dias enseñ cub españ cristian etarr costumbr costumbr comun
- 6	buen buen guarr vox costumbr ejercit cub colet cuban comun cuidat costumbr deport cristian descans cub ejercit cuban engendr cuidat enseñ cup españ dep etarr deport flaut descans gat dias
- 7	nacional nacional loc civil mocion loc civil mocion guarr ejercit etarr comun cuban costumbr cuidat cristian deport cub descans cuban ejercit cuidat engendr cup enseñ dep españ deport gat descans
- 8	feliz feliz comun buen buen comun españ vox cub ejercit cuban colet cuidat costumbr deport cristian descans cub ejercit cuban engendr cuidat enseñ cup etarr dep costumbr deport flaut descans
- 9	español español guarr vox etarr ejercit cuban colet cuidat comun deport costumbr descans cristian ejercit cub engendr cuban enseñ cuidat españ cup flaut dep cristian deport gat descans gentuz dias
- 10	dep dias subvencion dep dias subvencion alcaldes alcaldes guarr cup españ vox cuban descans cuidat deport deport cuidat descans cuban ejercit engendr engendr cub enseñ cristian flaut costumbr etarr comun
- 11	feliz feliz guarr vox cuban ejercit cuidat colet deport comun descans costumbr ejercit cristian engendr cub enseñ cuban españ cuidat etarr cup flaut dep cristian deport gat descans gentuz dias
- 12	español español guarr vox etarr ejercit cuban colet cuidat comun deport costumbr descans cristian ejercit cub engendr cuban enseñ cuidat españ cup flaut dep cristian deport gat descans gentuz dias
- 13	precios catalan catalan precios guarr español costumbr paz cub vox cuban descans cuidat colet deport comun descans costumbr ejercit cristian engendr cub enseñ cuban españ cuidat etarr cup flaut dep
- 14	buen buen guarr vox costumbr ejercit cub colet cuban comun cuidat costumbr deport cristian descans cub ejercit cuban engendr cuidat enseñ cup españ dep etarr deport flaut descans gat dias
- 15	paz paz mor mor guarr dias etarr cobard cuban colet cuidat comun deport costumbr descans cristian ejercit cub engendr cuban enseñ cuidat españ cup flaut dep cristian deport gat descans
- 16	alcaldes cup invasion invasion cup alcaldes mor mor hol tradicion tradicion hol guarr cuidat españ descans cuban deport cuidat dep deport vox descans cuban ejercit ejercit engendr cub enseñ cristian
- 17	belen feliz feliz belen guarr vox cub ejercit cuban colet cuidat comun deport costumbr descans cristian ejercit cub engendr cuban enseñ cuidat españ cup etarr dep costumbr deport flaut descans
- 18	feliz feliz guarr legion cuban vox cuidat ejercit deport colet descans comun ejercit costumbr engendr cristian enseñ cub españ cuban etarr cuidat flaut cup cristian dep gat deport gentuz descans
- 19	piojos dias psm piojos fidel terror terror fidel dias psm enseñ deport cristian dep cub cup cuban cuidat cuidat cuban deport vox descans descans ejercit cristian engendr costumbr guarr comun
- 20	alfa alfa guarr vox etarr engendr cub colet cuban comun cuidat costumbr deport cristian descans cub ejercit cuban engendr cuidat enseñ cup españ dep flaut deport costumbr descans gat dias
- 21	civil civil chavez nacional nacional chavez nacion nacion guarr dias españ comun cuban costumbr cuidat cristian deport cub descans cuban ejercit cuidat engendr cup enseñ dep flaut deport etarr descans
- 22	aes paz paz aes guarr vox españ ejercit cub colet cuban comun cuidat costumbr deport cristian descans cub ejercit cuban engendr cuidat enseñ cup etarr dep costumbr deport flaut descans
- 23	dias dias feliz feliz eta eta guarr vox cuban ejercit cuidat colet deport comun descans costumbr ejercit cristian engendr cub enseñ cuban españ cuidat etarr cup marian dep flaut deport
- 24	region alli nacion nacion alli region lol lol guarr costumbr etarr cristian cuban cub cuidat comun deport cuban descans engendr ejercit cuidat engendr cup enseñ dep españ deport gat descans
- 25	gratis gratis guarr legion flaut engendr cuban colet cuidat comun deport costumbr descans cristian ejercit cub engendr cuban enseñ cuidat españ cup etarr dep gat deport cristian descans gentuz dias
- 26	civil civil guarr vox costumbr colet cub comun cuban costumbr cuidat cristian deport cub descans cuban ejercit cuidat engendr cup enseñ dep españ deport etarr descans flaut dias gat ejercit
- 27	eta eta europ terror roj subvencion subvencion mocion terror roj mocion europ etarr dep cuban cup cuidat cuidat deport cuban descans vox ejercit cub engendr descans enseñ cristian españ costumbr
- 28	legion paz nacion legion paz nacion guarr vox etarr dias cuban colet cuidat comun deport costumbr descans cristian ejercit cub engendr cuban enseñ cuidat españ cup flaut dep marian deport
- 29	buen buen guarr vox costumbr ejercit cub colet cuban comun cuidat costumbr deport cristian descans cub ejercit cuban engendr cuidat enseñ cup españ dep etarr deport flaut descans gat dias
- 30	feliz feliz buen buen guarr vox españ ejercit cub colet cuban comun cuidat costumbr deport cristian descans cub ejercit cuban engendr cuidat enseñ cup etarr dep costumbr deport flaut descans
- 31	paz paz alfa alfa feas feas etarr vox cuban cuban cuidat descans deport deport descans dep ejercit cup engendr cuidat enseñ cub españ ejercit guarr cristian cristian costumbr flaut comun
- 32	español español guarr vox etarr ejercit cuban colet cuidat comun deport costumbr descans cristian ejercit cub engendr cuban enseñ cuidat españ cup flaut dep cristian deport gat descans gentuz dias
- 33	español español guarr vox etarr ejercit cuban colet cuidat comun deport costumbr descans cristian ejercit cub engendr cuban enseñ cuidat españ cup flaut dep cristian deport gat descans gentuz dias
- 34	musulman buen buen musulman guarr vox españ ejercit cub comun cuban costumbr cuidat cristian deport cub descans cuban ejercit cuidat engendr cup enseñ dep etarr deport costumbr descans flaut dias
- 35	cin buen buen feliz guarr cin costumbr vox cub ejercit cuban comun cuidat costumbr deport cristian descans cub ejercit cuban engendr cuidat enseñ cup españ dep etarr deport flaut descans
- 36	feliz feliz guarr vox cuban ejercit cuidat colet deport comun descans costumbr ejercit cristian engendr cub enseñ cuban españ cuidat etarr cup flaut dep cristian deport gat descans gentuz dias
- 37	aes dias dias feas feas aes etarr vox cuban ejercit cuidat colet deport comun descans costumbr ejercit cristian engendr cub enseñ cuban españ cuidat guarr cup cristian dep flaut deport
- 38	alli alli invasion invasion guarr buen etarr vox cub cup cuban dias cuidat descans deport deport descans dep ejercit cuban engendr cuidat enseñ engendr españ cub flaut cristian costumbr costumbr
- 39	islam islam terror terror musulman musulman guarr gratis etarr costumbr cuban cristian cuidat cub deport cuban descans ejercit ejercit comun engendr cuidat enseñ colet españ cup gat dep flaut deport
- 40	gratis gratis subvencion cup cup legion legion subvencion guarr paz etarr vox cuban deport cuidat dep deport cuidat descans cuban ejercit cub engendr dias enseñ cristian españ costumbr gat comun
- 41	mocion paz paz mocion fidel fidel etarr dias cuban cobard cuidat colet deport comun descans costumbr ejercit cristian engendr cub enseñ cuban españ cuidat guarr cup marian dep flaut deport
- 42	imbecil imbecil belen belen guarr vox cub engendr cuban comun cuidat costumbr deport cristian descans cub ejercit cuban engendr cuidat enseñ cup españ dep etarr deport costumbr descans flaut dias
- 43	feliz feliz guarr imbecil cuban vox cuidat ejercit deport colet descans comun ejercit costumbr engendr cristian enseñ cub españ cuban etarr cuidat flaut cup cristian dep gat deport gentuz descans
- 44	boicot boicot lol lol guarr vox españ engendr cub comun cuban costumbr cuidat cristian deport cub descans cuban ejercit cuidat engendr cup enseñ dep etarr deport costumbr descans flaut dias
- 45	maricon maricon comun imbecil imbecil comun mocion mocion vox vox argentin flaut arrib fidel deport gentuz descans costumbr ejercit cristian engendr cub enseñ cuban españ cuidat etarr cup flaut dep
- 46	paz paz legion legion guarr ejercit etarr cobard cuban colet cuidat comun deport costumbr descans cristian ejercit cub engendr cuban enseñ cuidat españ cup flaut dep cristian deport gat descans
- 47	dias dias guarr vox etarr civil cuban colet cuidat comun deport costumbr descans cristian ejercit cub engendr cuban enseñ cuidat españ cup flaut dep cristian deport gat descans gentuz ejercit
- 48	lol español español lol guarr vox etarr ejercit cuban colet cuidat comun deport costumbr descans cristian ejercit cub engendr cuban enseñ cuidat españ cup flaut dep cristian deport gat descans
- 49	dias dias tradicion tradicion guarr vox españ engendr cub colet cuban comun cuidat costumbr deport cristian descans cub ejercit cuban engendr cuidat enseñ cup etarr dep costumbr deport flaut descans
